Tile,h,v,North,South,West,East,Lat_UL,Lat_UR,Lat_LR,Lat_LL,Lon_UL,Lon_UR,Lon_LR,Lon_LL
61000000,0,0,90,80,-180,-170,90,90,80,80,-180,-170,-170,-180
61000001,0,1,80,70,-180,-170,80,80,70,70,-180,-170,-170,-180
61000002,0,2,70,60,-180,-170,70,70,60,60,-180,-170,-170,-180
61000003,0,3,60,50,-180,-170,60,60,50,50,-180,-170,-170,-180
61000004,0,4,50,40,-180,-170,50,50,40,40,-180,-170,-170,-180
61000005,0,5,40,30,-180,-170,40,40,30,30,-180,-170,-170,-180
61000006,0,6,30,20,-180,-170,30,30,20,20,-180,-170,-170,-180
61000007,0,7,20,10,-180,-170,20,20,10,10,-180,-170,-170,-180
61000008,0,8,10,0,-180,-170,10,10,0,0,-180,-170,-170,-180
61000009,0,9,0,-10,-180,-170,0,0,-10,-10,-180,-170,-170,-180
61000010,0,10,-10,-20,-180,-170,-10,-10,-20,-20,-180,-170,-170,-180
61000011,0,11,-20,-30,-180,-170,-20,-20,-30,-30,-180,-170,-170,-180
61000012,0,12,-30,-40,-180,-170,-30,-30,-40,-40,-180,-170,-170,-180
61000013,0,13,-40,-50,-180,-170,-40,-40,-50,-50,-180,-170,-170,-180
61000014,0,14,-50,-60,-180,-170,-50,-50,-60,-60,-180,-170,-170,-180
61000015,0,15,-60,-70,-180,-170,-60,-60,-70,-70,-180,-170,-170,-180
61000016,0,16,-70,-80,-180,-170,-70,-70,-80,-80,-180,-170,-170,-180
61000017,0,17,-80,-90,-180,-170,-80,-80,-90,-90,-180,-170,-170,-180
61001000,1,0,90,80,-170,-160,90,90,80,80,-170,-160,-160,-170
61001001,1,1,80,70,-170,-160,80,80,70,70,-170,-160,-160,-170
61001002,1,2,70,60,-170,-160,70,70,60,60,-170,-160,-160,-170
61001003,1,3,60,50,-170,-160,60,60,50,50,-170,-160,-160,-170
61001004,1,4,50,40,-170,-160,50,50,40,40,-170,-160,-160,-170
61001005,1,5,40,30,-170,-160,40,40,30,30,-170,-160,-160,-170
61001006,1,6,30,20,-170,-160,30,30,20,20,-170,-160,-160,-170
61001007,1,7,20,10,-170,-160,20,20,10,10,-170,-160,-160,-170
61001008,1,8,10,0,-170,-160,10,10,0,0,-170,-160,-160,-170
61001009,1,9,0,-10,-170,-160,0,0,-10,-10,-170,-160,-160,-170
61001010,1,10,-10,-20,-170,-160,-10,-10,-20,-20,-170,-160,-160,-170
61001011,1,11,-20,-30,-170,-160,-20,-20,-30,-30,-170,-160,-160,-170
61001012,1,12,-30,-40,-170,-160,-30,-30,-40,-40,-170,-160,-160,-170
61001013,1,13,-40,-50,-170,-160,-40,-40,-50,-50,-170,-160,-160,-170
61001014,1,14,-50,-60,-170,-160,-50,-50,-60,-60,-170,-160,-160,-170
61001015,1,15,-60,-70,-170,-160,-60,-60,-70,-70,-170,-160,-160,-170
61001016,1,16,-70,-80,-170,-160,-70,-70,-80,-80,-170,-160,-160,-170
61001017,1,17,-80,-90,-170,-160,-80,-80,-90,-90,-170,-160,-160,-170
61002000,2,0,90,80,-160,-150,90,90,80,80,-160,-150,-150,-160
61002001,2,1,80,70,-160,-150,80,80,70,70,-160,-150,-150,-160
61002002,2,2,70,60,-160,-150,70,70,60,60,-160,-150,-150,-160
61002003,2,3,60,50,-160,-150,60,60,50,50,-160,-150,-150,-160
61002004,2,4,50,40,-160,-150,50,50,40,40,-160,-150,-150,-160
61002005,2,5,40,30,-160,-150,40,40,30,30,-160,-150,-150,-160
61002006,2,6,30,20,-160,-150,30,30,20,20,-160,-150,-150,-160
61002007,2,7,20,10,-160,-150,20,20,10,10,-160,-150,-150,-160
61002008,2,8,10,0,-160,-150,10,10,0,0,-160,-150,-150,-160
61002009,2,9,0,-10,-160,-150,0,0,-10,-10,-160,-150,-150,-160
61002010,2,10,-10,-20,-160,-150,-10,-10,-20,-20,-160,-150,-150,-160
61002011,2,11,-20,-30,-160,-150,-20,-20,-30,-30,-160,-150,-150,-160
61002012,2,12,-30,-40,-160,-150,-30,-30,-40,-40,-160,-150,-150,-160
61002013,2,13,-40,-50,-160,-150,-40,-40,-50,-50,-160,-150,-150,-160
61002014,2,14,-50,-60,-160,-150,-50,-50,-60,-60,-160,-150,-150,-160
61002015,2,15,-60,-70,-160,-150,-60,-60,-70,-70,-160,-150,-150,-160
61002016,2,16,-70,-80,-160,-150,-70,-70,-80,-80,-160,-150,-150,-160
61002017,2,17,-80,-90,-160,-150,-80,-80,-90,-90,-160,-150,-150,-160
61003000,3,0,90,80,-150,-140,90,90,80,80,-150,-140,-140,-150
61003001,3,1,80,70,-150,-140,80,80,70,70,-150,-140,-140,-150
61003002,3,2,70,60,-150,-140,70,70,60,60,-150,-140,-140,-150
61003003,3,3,60,50,-150,-140,60,60,50,50,-150,-140,-140,-150
61003004,3,4,50,40,-150,-140,50,50,40,40,-150,-140,-140,-150
61003005,3,5,40,30,-150,-140,40,40,30,30,-150,-140,-140,-150
61003006,3,6,30,20,-150,-140,30,30,20,20,-150,-140,-140,-150
61003007,3,7,20,10,-150,-140,20,20,10,10,-150,-140,-140,-150
61003008,3,8,10,0,-150,-140,10,10,0,0,-150,-140,-140,-150
61003009,3,9,0,-10,-150,-140,0,0,-10,-10,-150,-140,-140,-150
61003010,3,10,-10,-20,-150,-140,-10,-10,-20,-20,-150,-140,-140,-150
61003011,3,11,-20,-30,-150,-140,-20,-20,-30,-30,-150,-140,-140,-150
61003012,3,12,-30,-40,-150,-140,-30,-30,-40,-40,-150,-140,-140,-150
61003013,3,13,-40,-50,-150,-140,-40,-40,-50,-50,-150,-140,-140,-150
61003014,3,14,-50,-60,-150,-140,-50,-50,-60,-60,-150,-140,-140,-150
61003015,3,15,-60,-70,-150,-140,-60,-60,-70,-70,-150,-140,-140,-150
61003016,3,16,-70,-80,-150,-140,-70,-70,-80,-80,-150,-140,-140,-150
61003017,3,17,-80,-90,-150,-140,-80,-80,-90,-90,-150,-140,-140,-150
61004000,4,0,90,80,-140,-130,90,90,80,80,-140,-130,-130,-140
61004001,4,1,80,70,-140,-130,80,80,70,70,-140,-130,-130,-140
61004002,4,2,70,60,-140,-130,70,70,60,60,-140,-130,-130,-140
61004003,4,3,60,50,-140,-130,60,60,50,50,-140,-130,-130,-140
61004004,4,4,50,40,-140,-130,50,50,40,40,-140,-130,-130,-140
61004005,4,5,40,30,-140,-130,40,40,30,30,-140,-130,-130,-140
61004006,4,6,30,20,-140,-130,30,30,20,20,-140,-130,-130,-140
61004007,4,7,20,10,-140,-130,20,20,10,10,-140,-130,-130,-140
61004008,4,8,10,0,-140,-130,10,10,0,0,-140,-130,-130,-140
61004009,4,9,0,-10,-140,-130,0,0,-10,-10,-140,-130,-130,-140
61004010,4,10,-10,-20,-140,-130,-10,-10,-20,-20,-140,-130,-130,-140
61004011,4,11,-20,-30,-140,-130,-20,-20,-30,-30,-140,-130,-130,-140
61004012,4,12,-30,-40,-140,-130,-30,-30,-40,-40,-140,-130,-130,-140
61004013,4,13,-40,-50,-140,-130,-40,-40,-50,-50,-140,-130,-130,-140
61004014,4,14,-50,-60,-140,-130,-50,-50,-60,-60,-140,-130,-130,-140
61004015,4,15,-60,-70,-140,-130,-60,-60,-70,-70,-140,-130,-130,-140
61004016,4,16,-70,-80,-140,-130,-70,-70,-80,-80,-140,-130,-130,-140
61004017,4,17,-80,-90,-140,-130,-80,-80,-90,-90,-140,-130,-130,-140
61005000,5,0,90,80,-130,-120,90,90,80,80,-130,-120,-120,-130
61005001,5,1,80,70,-130,-120,80,80,70,70,-130,-120,-120,-130
61005002,5,2,70,60,-130,-120,70,70,60,60,-130,-120,-120,-130
61005003,5,3,60,50,-130,-120,60,60,50,50,-130,-120,-120,-130
61005004,5,4,50,40,-130,-120,50,50,40,40,-130,-120,-120,-130
61005005,5,5,40,30,-130,-120,40,40,30,30,-130,-120,-120,-130
61005006,5,6,30,20,-130,-120,30,30,20,20,-130,-120,-120,-130
61005007,5,7,20,10,-130,-120,20,20,10,10,-130,-120,-120,-130
61005008,5,8,10,0,-130,-120,10,10,0,0,-130,-120,-120,-130
61005009,5,9,0,-10,-130,-120,0,0,-10,-10,-130,-120,-120,-130
61005010,5,10,-10,-20,-130,-120,-10,-10,-20,-20,-130,-120,-120,-130
61005011,5,11,-20,-30,-130,-120,-20,-20,-30,-30,-130,-120,-120,-130
61005012,5,12,-30,-40,-130,-120,-30,-30,-40,-40,-130,-120,-120,-130
61005013,5,13,-40,-50,-130,-120,-40,-40,-50,-50,-130,-120,-120,-130
61005014,5,14,-50,-60,-130,-120,-50,-50,-60,-60,-130,-120,-120,-130
61005015,5,15,-60,-70,-130,-120,-60,-60,-70,-70,-130,-120,-120,-130
61005016,5,16,-70,-80,-130,-120,-70,-70,-80,-80,-130,-120,-120,-130
61005017,5,17,-80,-90,-130,-120,-80,-80,-90,-90,-130,-120,-120,-130
61006000,6,0,90,80,-120,-110,90,90,80,80,-120,-110,-110,-120
61006001,6,1,80,70,-120,-110,80,80,70,70,-120,-110,-110,-120
61006002,6,2,70,60,-120,-110,70,70,60,60,-120,-110,-110,-120
61006003,6,3,60,50,-120,-110,60,60,50,50,-120,-110,-110,-120
61006004,6,4,50,40,-120,-110,50,50,40,40,-120,-110,-110,-120
61006005,6,5,40,30,-120,-110,40,40,30,30,-120,-110,-110,-120
61006006,6,6,30,20,-120,-110,30,30,20,20,-120,-110,-110,-120
61006007,6,7,20,10,-120,-110,20,20,10,10,-120,-110,-110,-120
61006008,6,8,10,0,-120,-110,10,10,0,0,-120,-110,-110,-120
61006009,6,9,0,-10,-120,-110,0,0,-10,-10,-120,-110,-110,-120
61006010,6,10,-10,-20,-120,-110,-10,-10,-20,-20,-120,-110,-110,-120
61006011,6,11,-20,-30,-120,-110,-20,-20,-30,-30,-120,-110,-110,-120
61006012,6,12,-30,-40,-120,-110,-30,-30,-40,-40,-120,-110,-110,-120
61006013,6,13,-40,-50,-120,-110,-40,-40,-50,-50,-120,-110,-110,-120
61006014,6,14,-50,-60,-120,-110,-50,-50,-60,-60,-120,-110,-110,-120
61006015,6,15,-60,-70,-120,-110,-60,-60,-70,-70,-120,-110,-110,-120
61006016,6,16,-70,-80,-120,-110,-70,-70,-80,-80,-120,-110,-110,-120
61006017,6,17,-80,-90,-120,-110,-80,-80,-90,-90,-120,-110,-110,-120
61007000,7,0,90,80,-110,-100,90,90,80,80,-110,-100,-100,-110
61007001,7,1,80,70,-110,-100,80,80,70,70,-110,-100,-100,-110
61007002,7,2,70,60,-110,-100,70,70,60,60,-110,-100,-100,-110
61007003,7,3,60,50,-110,-100,60,60,50,50,-110,-100,-100,-110
61007004,7,4,50,40,-110,-100,50,50,40,40,-110,-100,-100,-110
61007005,7,5,40,30,-110,-100,40,40,30,30,-110,-100,-100,-110
61007006,7,6,30,20,-110,-100,30,30,20,20,-110,-100,-100,-110
61007007,7,7,20,10,-110,-100,20,20,10,10,-110,-100,-100,-110
61007008,7,8,10,0,-110,-100,10,10,0,0,-110,-100,-100,-110
61007009,7,9,0,-10,-110,-100,0,0,-10,-10,-110,-100,-100,-110
61007010,7,10,-10,-20,-110,-100,-10,-10,-20,-20,-110,-100,-100,-110
61007011,7,11,-20,-30,-110,-100,-20,-20,-30,-30,-110,-100,-100,-110
61007012,7,12,-30,-40,-110,-100,-30,-30,-40,-40,-110,-100,-100,-110
61007013,7,13,-40,-50,-110,-100,-40,-40,-50,-50,-110,-100,-100,-110
61007014,7,14,-50,-60,-110,-100,-50,-50,-60,-60,-110,-100,-100,-110
61007015,7,15,-60,-70,-110,-100,-60,-60,-70,-70,-110,-100,-100,-110
61007016,7,16,-70,-80,-110,-100,-70,-70,-80,-80,-110,-100,-100,-110
61007017,7,17,-80,-90,-110,-100,-80,-80,-90,-90,-110,-100,-100,-110
61008000,8,0,90,80,-100,-90,90,90,80,80,-100,-90,-90,-100
61008001,8,1,80,70,-100,-90,80,80,70,70,-100,-90,-90,-100
61008002,8,2,70,60,-100,-90,70,70,60,60,-100,-90,-90,-100
61008003,8,3,60,50,-100,-90,60,60,50,50,-100,-90,-90,-100
61008004,8,4,50,40,-100,-90,50,50,40,40,-100,-90,-90,-100
61008005,8,5,40,30,-100,-90,40,40,30,30,-100,-90,-90,-100
61008006,8,6,30,20,-100,-90,30,30,20,20,-100,-90,-90,-100
61008007,8,7,20,10,-100,-90,20,20,10,10,-100,-90,-90,-100
61008008,8,8,10,0,-100,-90,10,10,0,0,-100,-90,-90,-100
61008009,8,9,0,-10,-100,-90,0,0,-10,-10,-100,-90,-90,-100
61008010,8,10,-10,-20,-100,-90,-10,-10,-20,-20,-100,-90,-90,-100
61008011,8,11,-20,-30,-100,-90,-20,-20,-30,-30,-100,-90,-90,-100
61008012,8,12,-30,-40,-100,-90,-30,-30,-40,-40,-100,-90,-90,-100
61008013,8,13,-40,-50,-100,-90,-40,-40,-50,-50,-100,-90,-90,-100
61008014,8,14,-50,-60,-100,-90,-50,-50,-60,-60,-100,-90,-90,-100
61008015,8,15,-60,-70,-100,-90,-60,-60,-70,-70,-100,-90,-90,-100
61008016,8,16,-70,-80,-100,-90,-70,-70,-80,-80,-100,-90,-90,-100
61008017,8,17,-80,-90,-100,-90,-80,-80,-90,-90,-100,-90,-90,-100
61009000,9,0,90,80,-90,-80,90,90,80,80,-90,-80,-80,-90
61009001,9,1,80,70,-90,-80,80,80,70,70,-90,-80,-80,-90
61009002,9,2,70,60,-90,-80,70,70,60,60,-90,-80,-80,-90
61009003,9,3,60,50,-90,-80,60,60,50,50,-90,-80,-80,-90
61009004,9,4,50,40,-90,-80,50,50,40,40,-90,-80,-80,-90
61009005,9,5,40,30,-90,-80,40,40,30,30,-90,-80,-80,-90
61009006,9,6,30,20,-90,-80,30,30,20,20,-90,-80,-80,-90
61009007,9,7,20,10,-90,-80,20,20,10,10,-90,-80,-80,-90
61009008,9,8,10,0,-90,-80,10,10,0,0,-90,-80,-80,-90
61009009,9,9,0,-10,-90,-80,0,0,-10,-10,-90,-80,-80,-90
61009010,9,10,-10,-20,-90,-80,-10,-10,-20,-20,-90,-80,-80,-90
61009011,9,11,-20,-30,-90,-80,-20,-20,-30,-30,-90,-80,-80,-90
61009012,9,12,-30,-40,-90,-80,-30,-30,-40,-40,-90,-80,-80,-90
61009013,9,13,-40,-50,-90,-80,-40,-40,-50,-50,-90,-80,-80,-90
61009014,9,14,-50,-60,-90,-80,-50,-50,-60,-60,-90,-80,-80,-90
61009015,9,15,-60,-70,-90,-80,-60,-60,-70,-70,-90,-80,-80,-90
61009016,9,16,-70,-80,-90,-80,-70,-70,-80,-80,-90,-80,-80,-90
61009017,9,17,-80,-90,-90,-80,-80,-80,-90,-90,-90,-80,-80,-90
61010000,10,0,90,80,-80,-70,90,90,80,80,-80,-70,-70,-80
61010001,10,1,80,70,-80,-70,80,80,70,70,-80,-70,-70,-80
61010002,10,2,70,60,-80,-70,70,70,60,60,-80,-70,-70,-80
61010003,10,3,60,50,-80,-70,60,60,50,50,-80,-70,-70,-80
61010004,10,4,50,40,-80,-70,50,50,40,40,-80,-70,-70,-80
61010005,10,5,40,30,-80,-70,40,40,30,30,-80,-70,-70,-80
61010006,10,6,30,20,-80,-70,30,30,20,20,-80,-70,-70,-80
61010007,10,7,20,10,-80,-70,20,20,10,10,-80,-70,-70,-80
61010008,10,8,10,0,-80,-70,10,10,0,0,-80,-70,-70,-80
61010009,10,9,0,-10,-80,-70,0,0,-10,-10,-80,-70,-70,-80
61010010,10,10,-10,-20,-80,-70,-10,-10,-20,-20,-80,-70,-70,-80
61010011,10,11,-20,-30,-80,-70,-20,-20,-30,-30,-80,-70,-70,-80
61010012,10,12,-30,-40,-80,-70,-30,-30,-40,-40,-80,-70,-70,-80
61010013,10,13,-40,-50,-80,-70,-40,-40,-50,-50,-80,-70,-70,-80
61010014,10,14,-50,-60,-80,-70,-50,-50,-60,-60,-80,-70,-70,-80
61010015,10,15,-60,-70,-80,-70,-60,-60,-70,-70,-80,-70,-70,-80
61010016,10,16,-70,-80,-80,-70,-70,-70,-80,-80,-80,-70,-70,-80
61010017,10,17,-80,-90,-80,-70,-80,-80,-90,-90,-80,-70,-70,-80
61011000,11,0,90,80,-70,-60,90,90,80,80,-70,-60,-60,-70
61011001,11,1,80,70,-70,-60,80,80,70,70,-70,-60,-60,-70
61011002,11,2,70,60,-70,-60,70,70,60,60,-70,-60,-60,-70
61011003,11,3,60,50,-70,-60,60,60,50,50,-70,-60,-60,-70
61011004,11,4,50,40,-70,-60,50,50,40,40,-70,-60,-60,-70
61011005,11,5,40,30,-70,-60,40,40,30,30,-70,-60,-60,-70
61011006,11,6,30,20,-70,-60,30,30,20,20,-70,-60,-60,-70
61011007,11,7,20,10,-70,-60,20,20,10,10,-70,-60,-60,-70
61011008,11,8,10,0,-70,-60,10,10,0,0,-70,-60,-60,-70
61011009,11,9,0,-10,-70,-60,0,0,-10,-10,-70,-60,-60,-70
61011010,11,10,-10,-20,-70,-60,-10,-10,-20,-20,-70,-60,-60,-70
61011011,11,11,-20,-30,-70,-60,-20,-20,-30,-30,-70,-60,-60,-70
61011012,11,12,-30,-40,-70,-60,-30,-30,-40,-40,-70,-60,-60,-70
61011013,11,13,-40,-50,-70,-60,-40,-40,-50,-50,-70,-60,-60,-70
61011014,11,14,-50,-60,-70,-60,-50,-50,-60,-60,-70,-60,-60,-70
61011015,11,15,-60,-70,-70,-60,-60,-60,-70,-70,-70,-60,-60,-70
61011016,11,16,-70,-80,-70,-60,-70,-70,-80,-80,-70,-60,-60,-70
61011017,11,17,-80,-90,-70,-60,-80,-80,-90,-90,-70,-60,-60,-70
61012000,12,0,90,80,-60,-50,90,90,80,80,-60,-50,-50,-60
61012001,12,1,80,70,-60,-50,80,80,70,70,-60,-50,-50,-60
61012002,12,2,70,60,-60,-50,70,70,60,60,-60,-50,-50,-60
61012003,12,3,60,50,-60,-50,60,60,50,50,-60,-50,-50,-60
61012004,12,4,50,40,-60,-50,50,50,40,40,-60,-50,-50,-60
61012005,12,5,40,30,-60,-50,40,40,30,30,-60,-50,-50,-60
61012006,12,6,30,20,-60,-50,30,30,20,20,-60,-50,-50,-60
61012007,12,7,20,10,-60,-50,20,20,10,10,-60,-50,-50,-60
61012008,12,8,10,0,-60,-50,10,10,0,0,-60,-50,-50,-60
61012009,12,9,0,-10,-60,-50,0,0,-10,-10,-60,-50,-50,-60
61012010,12,10,-10,-20,-60,-50,-10,-10,-20,-20,-60,-50,-50,-60
61012011,12,11,-20,-30,-60,-50,-20,-20,-30,-30,-60,-50,-50,-60
61012012,12,12,-30,-40,-60,-50,-30,-30,-40,-40,-60,-50,-50,-60
61012013,12,13,-40,-50,-60,-50,-40,-40,-50,-50,-60,-50,-50,-60
61012014,12,14,-50,-60,-60,-50,-50,-50,-60,-60,-60,-50,-50,-60
61012015,12,15,-60,-70,-60,-50,-60,-60,-70,-70,-60,-50,-50,-60
61012016,12,16,-70,-80,-60,-50,-70,-70,-80,-80,-60,-50,-50,-60
61012017,12,17,-80,-90,-60,-50,-80,-80,-90,-90,-60,-50,-50,-60
61013000,13,0,90,80,-50,-40,90,90,80,80,-50,-40,-40,-50
61013001,13,1,80,70,-50,-40,80,80,70,70,-50,-40,-40,-50
61013002,13,2,70,60,-50,-40,70,70,60,60,-50,-40,-40,-50
61013003,13,3,60,50,-50,-40,60,60,50,50,-50,-40,-40,-50
61013004,13,4,50,40,-50,-40,50,50,40,40,-50,-40,-40,-50
61013005,13,5,40,30,-50,-40,40,40,30,30,-50,-40,-40,-50
61013006,13,6,30,20,-50,-40,30,30,20,20,-50,-40,-40,-50
61013007,13,7,20,10,-50,-40,20,20,10,10,-50,-40,-40,-50
61013008,13,8,10,0,-50,-40,10,10,0,0,-50,-40,-40,-50
61013009,13,9,0,-10,-50,-40,0,0,-10,-10,-50,-40,-40,-50
61013010,13,10,-10,-20,-50,-40,-10,-10,-20,-20,-50,-40,-40,-50
61013011,13,11,-20,-30,-50,-40,-20,-20,-30,-30,-50,-40,-40,-50
61013012,13,12,-30,-40,-50,-40,-30,-30,-40,-40,-50,-40,-40,-50
61013013,13,13,-40,-50,-50,-40,-40,-40,-50,-50,-50,-40,-40,-50
61013014,13,14,-50,-60,-50,-40,-50,-50,-60,-60,-50,-40,-40,-50
61013015,13,15,-60,-70,-50,-40,-60,-60,-70,-70,-50,-40,-40,-50
61013016,13,16,-70,-80,-50,-40,-70,-70,-80,-80,-50,-40,-40,-50
61013017,13,17,-80,-90,-50,-40,-80,-80,-90,-90,-50,-40,-40,-50
61014000,14,0,90,80,-40,-30,90,90,80,80,-40,-30,-30,-40
61014001,14,1,80,70,-40,-30,80,80,70,70,-40,-30,-30,-40
61014002,14,2,70,60,-40,-30,70,70,60,60,-40,-30,-30,-40
61014003,14,3,60,50,-40,-30,60,60,50,50,-40,-30,-30,-40
61014004,14,4,50,40,-40,-30,50,50,40,40,-40,-30,-30,-40
61014005,14,5,40,30,-40,-30,40,40,30,30,-40,-30,-30,-40
61014006,14,6,30,20,-40,-30,30,30,20,20,-40,-30,-30,-40
61014007,14,7,20,10,-40,-30,20,20,10,10,-40,-30,-30,-40
61014008,14,8,10,0,-40,-30,10,10,0,0,-40,-30,-30,-40
61014009,14,9,0,-10,-40,-30,0,0,-10,-10,-40,-30,-30,-40
61014010,14,10,-10,-20,-40,-30,-10,-10,-20,-20,-40,-30,-30,-40
61014011,14,11,-20,-30,-40,-30,-20,-20,-30,-30,-40,-30,-30,-40
61014012,14,12,-30,-40,-40,-30,-30,-30,-40,-40,-40,-30,-30,-40
61014013,14,13,-40,-50,-40,-30,-40,-40,-50,-50,-40,-30,-30,-40
61014014,14,14,-50,-60,-40,-30,-50,-50,-60,-60,-40,-30,-30,-40
61014015,14,15,-60,-70,-40,-30,-60,-60,-70,-70,-40,-30,-30,-40
61014016,14,16,-70,-80,-40,-30,-70,-70,-80,-80,-40,-30,-30,-40
61014017,14,17,-80,-90,-40,-30,-80,-80,-90,-90,-40,-30,-30,-40
61015000,15,0,90,80,-30,-20,90,90,80,80,-30,-20,-20,-30
61015001,15,1,80,70,-30,-20,80,80,70,70,-30,-20,-20,-30
61015002,15,2,70,60,-30,-20,70,70,60,60,-30,-20,-20,-30
61015003,15,3,60,50,-30,-20,60,60,50,50,-30,-20,-20,-30
61015004,15,4,50,40,-30,-20,50,50,40,40,-30,-20,-20,-30
61015005,15,5,40,30,-30,-20,40,40,30,30,-30,-20,-20,-30
61015006,15,6,30,20,-30,-20,30,30,20,20,-30,-20,-20,-30
61015007,15,7,20,10,-30,-20,20,20,10,10,-30,-20,-20,-30
61015008,15,8,10,0,-30,-20,10,10,0,0,-30,-20,-20,-30
61015009,15,9,0,-10,-30,-20,0,0,-10,-10,-30,-20,-20,-30
61015010,15,10,-10,-20,-30,-20,-10,-10,-20,-20,-30,-20,-20,-30
61015011,15,11,-20,-30,-30,-20,-20,-20,-30,-30,-30,-20,-20,-30
61015012,15,12,-30,-40,-30,-20,-30,-30,-40,-40,-30,-20,-20,-30
61015013,15,13,-40,-50,-30,-20,-40,-40,-50,-50,-30,-20,-20,-30
61015014,15,14,-50,-60,-30,-20,-50,-50,-60,-60,-30,-20,-20,-30
61015015,15,15,-60,-70,-30,-20,-60,-60,-70,-70,-30,-20,-20,-30
61015016,15,16,-70,-80,-30,-20,-70,-70,-80,-80,-30,-20,-20,-30
61015017,15,17,-80,-90,-30,-20,-80,-80,-90,-90,-30,-20,-20,-30
61016000,16,0,90,80,-20,-10,90,90,80,80,-20,-10,-10,-20
61016001,16,1,80,70,-20,-10,80,80,70,70,-20,-10,-10,-20
61016002,16,2,70,60,-20,-10,70,70,60,60,-20,-10,-10,-20
61016003,16,3,60,50,-20,-10,60,60,50,50,-20,-10,-10,-20
61016004,16,4,50,40,-20,-10,50,50,40,40,-20,-10,-10,-20
61016005,16,5,40,30,-20,-10,40,40,30,30,-20,-10,-10,-20
61016006,16,6,30,20,-20,-10,30,30,20,20,-20,-10,-10,-20
61016007,16,7,20,10,-20,-10,20,20,10,10,-20,-10,-10,-20
61016008,16,8,10,0,-20,-10,10,10,0,0,-20,-10,-10,-20
61016009,16,9,0,-10,-20,-10,0,0,-10,-10,-20,-10,-10,-20
61016010,16,10,-10,-20,-20,-10,-10,-10,-20,-20,-20,-10,-10,-20
61016011,16,11,-20,-30,-20,-10,-20,-20,-30,-30,-20,-10,-10,-20
61016012,16,12,-30,-40,-20,-10,-30,-30,-40,-40,-20,-10,-10,-20
61016013,16,13,-40,-50,-20,-10,-40,-40,-50,-50,-20,-10,-10,-20
61016014,16,14,-50,-60,-20,-10,-50,-50,-60,-60,-20,-10,-10,-20
61016015,16,15,-60,-70,-20,-10,-60,-60,-70,-70,-20,-10,-10,-20
61016016,16,16,-70,-80,-20,-10,-70,-70,-80,-80,-20,-10,-10,-20
61016017,16,17,-80,-90,-20,-10,-80,-80,-90,-90,-20,-10,-10,-20
61017000,17,0,90,80,-10,0,90,90,80,80,-10,0,0,-10
61017001,17,1,80,70,-10,0,80,80,70,70,-10,0,0,-10
61017002,17,2,70,60,-10,0,70,70,60,60,-10,0,0,-10
61017003,17,3,60,50,-10,0,60,60,50,50,-10,0,0,-10
61017004,17,4,50,40,-10,0,50,50,40,40,-10,0,0,-10
61017005,17,5,40,30,-10,0,40,40,30,30,-10,0,0,-10
61017006,17,6,30,20,-10,0,30,30,20,20,-10,0,0,-10
61017007,17,7,20,10,-10,0,20,20,10,10,-10,0,0,-10
61017008,17,8,10,0,-10,0,10,10,0,0,-10,0,0,-10
61017009,17,9,0,-10,-10,0,0,0,-10,-10,-10,0,0,-10
61017010,17,10,-10,-20,-10,0,-10,-10,-20,-20,-10,0,0,-10
61017011,17,11,-20,-30,-10,0,-20,-20,-30,-30,-10,0,0,-10
61017012,17,12,-30,-40,-10,0,-30,-30,-40,-40,-10,0,0,-10
61017013,17,13,-40,-50,-10,0,-40,-40,-50,-50,-10,0,0,-10
61017014,17,14,-50,-60,-10,0,-50,-50,-60,-60,-10,0,0,-10
61017015,17,15,-60,-70,-10,0,-60,-60,-70,-70,-10,0,0,-10
61017016,17,16,-70,-80,-10,0,-70,-70,-80,-80,-10,0,0,-10
61017017,17,17,-80,-90,-10,0,-80,-80,-90,-90,-10,0,0,-10
61018000,18,0,90,80,0,10,90,90,80,80,0,10,10,0
61018001,18,1,80,70,0,10,80,80,70,70,0,10,10,0
61018002,18,2,70,60,0,10,70,70,60,60,0,10,10,0
61018003,18,3,60,50,0,10,60,60,50,50,0,10,10,0
61018004,18,4,50,40,0,10,50,50,40,40,0,10,10,0
61018005,18,5,40,30,0,10,40,40,30,30,0,10,10,0
61018006,18,6,30,20,0,10,30,30,20,20,0,10,10,0
61018007,18,7,20,10,0,10,20,20,10,10,0,10,10,0
61018008,18,8,10,0,0,10,10,10,0,0,0,10,10,0
61018009,18,9,0,-10,0,10,0,0,-10,-10,0,10,10,0
61018010,18,10,-10,-20,0,10,-10,-10,-20,-20,0,10,10,0
61018011,18,11,-20,-30,0,10,-20,-20,-30,-30,0,10,10,0
61018012,18,12,-30,-40,0,10,-30,-30,-40,-40,0,10,10,0
61018013,18,13,-40,-50,0,10,-40,-40,-50,-50,0,10,10,0
61018014,18,14,-50,-60,0,10,-50,-50,-60,-60,0,10,10,0
61018015,18,15,-60,-70,0,10,-60,-60,-70,-70,0,10,10,0
61018016,18,16,-70,-80,0,10,-70,-70,-80,-80,0,10,10,0
61018017,18,17,-80,-90,0,10,-80,-80,-90,-90,0,10,10,0
61019000,19,0,90,80,10,20,90,90,80,80,10,20,20,10
61019001,19,1,80,70,10,20,80,80,70,70,10,20,20,10
61019002,19,2,70,60,10,20,70,70,60,60,10,20,20,10
61019003,19,3,60,50,10,20,60,60,50,50,10,20,20,10
61019004,19,4,50,40,10,20,50,50,40,40,10,20,20,10
61019005,19,5,40,30,10,20,40,40,30,30,10,20,20,10
61019006,19,6,30,20,10,20,30,30,20,20,10,20,20,10
61019007,19,7,20,10,10,20,20,20,10,10,10,20,20,10
61019008,19,8,10,0,10,20,10,10,0,0,10,20,20,10
61019009,19,9,0,-10,10,20,0,0,-10,-10,10,20,20,10
61019010,19,10,-10,-20,10,20,-10,-10,-20,-20,10,20,20,10
61019011,19,11,-20,-30,10,20,-20,-20,-30,-30,10,20,20,10
61019012,19,12,-30,-40,10,20,-30,-30,-40,-40,10,20,20,10
61019013,19,13,-40,-50,10,20,-40,-40,-50,-50,10,20,20,10
61019014,19,14,-50,-60,10,20,-50,-50,-60,-60,10,20,20,10
61019015,19,15,-60,-70,10,20,-60,-60,-70,-70,10,20,20,10
61019016,19,16,-70,-80,10,20,-70,-70,-80,-80,10,20,20,10
61019017,19,17,-80,-90,10,20,-80,-80,-90,-90,10,20,20,10
61020000,20,0,90,80,20,30,90,90,80,80,20,30,30,20
61020001,20,1,80,70,20,30,80,80,70,70,20,30,30,20
61020002,20,2,70,60,20,30,70,70,60,60,20,30,30,20
61020003,20,3,60,50,20,30,60,60,50,50,20,30,30,20
61020004,20,4,50,40,20,30,50,50,40,40,20,30,30,20
61020005,20,5,40,30,20,30,40,40,30,30,20,30,30,20
61020006,20,6,30,20,20,30,30,30,20,20,20,30,30,20
61020007,20,7,20,10,20,30,20,20,10,10,20,30,30,20
61020008,20,8,10,0,20,30,10,10,0,0,20,30,30,20
61020009,20,9,0,-10,20,30,0,0,-10,-10,20,30,30,20
61020010,20,10,-10,-20,20,30,-10,-10,-20,-20,20,30,30,20
61020011,20,11,-20,-30,20,30,-20,-20,-30,-30,20,30,30,20
61020012,20,12,-30,-40,20,30,-30,-30,-40,-40,20,30,30,20
61020013,20,13,-40,-50,20,30,-40,-40,-50,-50,20,30,30,20
61020014,20,14,-50,-60,20,30,-50,-50,-60,-60,20,30,30,20
61020015,20,15,-60,-70,20,30,-60,-60,-70,-70,20,30,30,20
61020016,20,16,-70,-80,20,30,-70,-70,-80,-80,20,30,30,20
61020017,20,17,-80,-90,20,30,-80,-80,-90,-90,20,30,30,20
61021000,21,0,90,80,30,40,90,90,80,80,30,40,40,30
61021001,21,1,80,70,30,40,80,80,70,70,30,40,40,30
61021002,21,2,70,60,30,40,70,70,60,60,30,40,40,30
61021003,21,3,60,50,30,40,60,60,50,50,30,40,40,30
61021004,21,4,50,40,30,40,50,50,40,40,30,40,40,30
61021005,21,5,40,30,30,40,40,40,30,30,30,40,40,30
61021006,21,6,30,20,30,40,30,30,20,20,30,40,40,30
61021007,21,7,20,10,30,40,20,20,10,10,30,40,40,30
61021008,21,8,10,0,30,40,10,10,0,0,30,40,40,30
61021009,21,9,0,-10,30,40,0,0,-10,-10,30,40,40,30
61021010,21,10,-10,-20,30,40,-10,-10,-20,-20,30,40,40,30
61021011,21,11,-20,-30,30,40,-20,-20,-30,-30,30,40,40,30
61021012,21,12,-30,-40,30,40,-30,-30,-40,-40,30,40,40,30
61021013,21,13,-40,-50,30,40,-40,-40,-50,-50,30,40,40,30
61021014,21,14,-50,-60,30,40,-50,-50,-60,-60,30,40,40,30
61021015,21,15,-60,-70,30,40,-60,-60,-70,-70,30,40,40,30
61021016,21,16,-70,-80,30,40,-70,-70,-80,-80,30,40,40,30
61021017,21,17,-80,-90,30,40,-80,-80,-90,-90,30,40,40,30
61022000,22,0,90,80,40,50,90,90,80,80,40,50,50,40
61022001,22,1,80,70,40,50,80,80,70,70,40,50,50,40
61022002,22,2,70,60,40,50,70,70,60,60,40,50,50,40
61022003,22,3,60,50,40,50,60,60,50,50,40,50,50,40
61022004,22,4,50,40,40,50,50,50,40,40,40,50,50,40
61022005,22,5,40,30,40,50,40,40,30,30,40,50,50,40
61022006,22,6,30,20,40,50,30,30,20,20,40,50,50,40
61022007,22,7,20,10,40,50,20,20,10,10,40,50,50,40
61022008,22,8,10,0,40,50,10,10,0,0,40,50,50,40
61022009,22,9,0,-10,40,50,0,0,-10,-10,40,50,50,40
61022010,22,10,-10,-20,40,50,-10,-10,-20,-20,40,50,50,40
61022011,22,11,-20,-30,40,50,-20,-20,-30,-30,40,50,50,40
61022012,22,12,-30,-40,40,50,-30,-30,-40,-40,40,50,50,40
61022013,22,13,-40,-50,40,50,-40,-40,-50,-50,40,50,50,40
61022014,22,14,-50,-60,40,50,-50,-50,-60,-60,40,50,50,40
61022015,22,15,-60,-70,40,50,-60,-60,-70,-70,40,50,50,40
61022016,22,16,-70,-80,40,50,-70,-70,-80,-80,40,50,50,40
61022017,22,17,-80,-90,40,50,-80,-80,-90,-90,40,50,50,40
61023000,23,0,90,80,50,60,90,90,80,80,50,60,60,50
61023001,23,1,80,70,50,60,80,80,70,70,50,60,60,50
61023002,23,2,70,60,50,60,70,70,60,60,50,60,60,50
61023003,23,3,60,50,50,60,60,60,50,50,50,60,60,50
61023004,23,4,50,40,50,60,50,50,40,40,50,60,60,50
61023005,23,5,40,30,50,60,40,40,30,30,50,60,60,50
61023006,23,6,30,20,50,60,30,30,20,20,50,60,60,50
61023007,23,7,20,10,50,60,20,20,10,10,50,60,60,50
61023008,23,8,10,0,50,60,10,10,0,0,50,60,60,50
61023009,23,9,0,-10,50,60,0,0,-10,-10,50,60,60,50
61023010,23,10,-10,-20,50,60,-10,-10,-20,-20,50,60,60,50
61023011,23,11,-20,-30,50,60,-20,-20,-30,-30,50,60,60,50
61023012,23,12,-30,-40,50,60,-30,-30,-40,-40,50,60,60,50
61023013,23,13,-40,-50,50,60,-40,-40,-50,-50,50,60,60,50
61023014,23,14,-50,-60,50,60,-50,-50,-60,-60,50,60,60,50
61023015,23,15,-60,-70,50,60,-60,-60,-70,-70,50,60,60,50
61023016,23,16,-70,-80,50,60,-70,-70,-80,-80,50,60,60,50
61023017,23,17,-80,-90,50,60,-80,-80,-90,-90,50,60,60,50
61024000,24,0,90,80,60,70,90,90,80,80,60,70,70,60
61024001,24,1,80,70,60,70,80,80,70,70,60,70,70,60
61024002,24,2,70,60,60,70,70,70,60,60,60,70,70,60
61024003,24,3,60,50,60,70,60,60,50,50,60,70,70,60
61024004,24,4,50,40,60,70,50,50,40,40,60,70,70,60
61024005,24,5,40,30,60,70,40,40,30,30,60,70,70,60
61024006,24,6,30,20,60,70,30,30,20,20,60,70,70,60
61024007,24,7,20,10,60,70,20,20,10,10,60,70,70,60
61024008,24,8,10,0,60,70,10,10,0,0,60,70,70,60
61024009,24,9,0,-10,60,70,0,0,-10,-10,60,70,70,60
61024010,24,10,-10,-20,60,70,-10,-10,-20,-20,60,70,70,60
61024011,24,11,-20,-30,60,70,-20,-20,-30,-30,60,70,70,60
61024012,24,12,-30,-40,60,70,-30,-30,-40,-40,60,70,70,60
61024013,24,13,-40,-50,60,70,-40,-40,-50,-50,60,70,70,60
61024014,24,14,-50,-60,60,70,-50,-50,-60,-60,60,70,70,60
61024015,24,15,-60,-70,60,70,-60,-60,-70,-70,60,70,70,60
61024016,24,16,-70,-80,60,70,-70,-70,-80,-80,60,70,70,60
61024017,24,17,-80,-90,60,70,-80,-80,-90,-90,60,70,70,60
61025000,25,0,90,80,70,80,90,90,80,80,70,80,80,70
61025001,25,1,80,70,70,80,80,80,70,70,70,80,80,70
61025002,25,2,70,60,70,80,70,70,60,60,70,80,80,70
61025003,25,3,60,50,70,80,60,60,50,50,70,80,80,70
61025004,25,4,50,40,70,80,50,50,40,40,70,80,80,70
61025005,25,5,40,30,70,80,40,40,30,30,70,80,80,70
61025006,25,6,30,20,70,80,30,30,20,20,70,80,80,70
61025007,25,7,20,10,70,80,20,20,10,10,70,80,80,70
61025008,25,8,10,0,70,80,10,10,0,0,70,80,80,70
61025009,25,9,0,-10,70,80,0,0,-10,-10,70,80,80,70
61025010,25,10,-10,-20,70,80,-10,-10,-20,-20,70,80,80,70
61025011,25,11,-20,-30,70,80,-20,-20,-30,-30,70,80,80,70
61025012,25,12,-30,-40,70,80,-30,-30,-40,-40,70,80,80,70
61025013,25,13,-40,-50,70,80,-40,-40,-50,-50,70,80,80,70
61025014,25,14,-50,-60,70,80,-50,-50,-60,-60,70,80,80,70
61025015,25,15,-60,-70,70,80,-60,-60,-70,-70,70,80,80,70
61025016,25,16,-70,-80,70,80,-70,-70,-80,-80,70,80,80,70
61025017,25,17,-80,-90,70,80,-80,-80,-90,-90,70,80,80,70
61026000,26,0,90,80,80,90,90,90,80,80,80,90,90,80
61026001,26,1,80,70,80,90,80,80,70,70,80,90,90,80
61026002,26,2,70,60,80,90,70,70,60,60,80,90,90,80
61026003,26,3,60,50,80,90,60,60,50,50,80,90,90,80
61026004,26,4,50,40,80,90,50,50,40,40,80,90,90,80
61026005,26,5,40,30,80,90,40,40,30,30,80,90,90,80
61026006,26,6,30,20,80,90,30,30,20,20,80,90,90,80
61026007,26,7,20,10,80,90,20,20,10,10,80,90,90,80
61026008,26,8,10,0,80,90,10,10,0,0,80,90,90,80
61026009,26,9,0,-10,80,90,0,0,-10,-10,80,90,90,80
61026010,26,10,-10,-20,80,90,-10,-10,-20,-20,80,90,90,80
61026011,26,11,-20,-30,80,90,-20,-20,-30,-30,80,90,90,80
61026012,26,12,-30,-40,80,90,-30,-30,-40,-40,80,90,90,80
61026013,26,13,-40,-50,80,90,-40,-40,-50,-50,80,90,90,80
61026014,26,14,-50,-60,80,90,-50,-50,-60,-60,80,90,90,80
61026015,26,15,-60,-70,80,90,-60,-60,-70,-70,80,90,90,80
61026016,26,16,-70,-80,80,90,-70,-70,-80,-80,80,90,90,80
61026017,26,17,-80,-90,80,90,-80,-80,-90,-90,80,90,90,80
61027000,27,0,90,80,90,100,90,90,80,80,90,100,100,90
61027001,27,1,80,70,90,100,80,80,70,70,90,100,100,90
61027002,27,2,70,60,90,100,70,70,60,60,90,100,100,90
61027003,27,3,60,50,90,100,60,60,50,50,90,100,100,90
61027004,27,4,50,40,90,100,50,50,40,40,90,100,100,90
61027005,27,5,40,30,90,100,40,40,30,30,90,100,100,90
61027006,27,6,30,20,90,100,30,30,20,20,90,100,100,90
61027007,27,7,20,10,90,100,20,20,10,10,90,100,100,90
61027008,27,8,10,0,90,100,10,10,0,0,90,100,100,90
61027009,27,9,0,-10,90,100,0,0,-10,-10,90,100,100,90
61027010,27,10,-10,-20,90,100,-10,-10,-20,-20,90,100,100,90
61027011,27,11,-20,-30,90,100,-20,-20,-30,-30,90,100,100,90
61027012,27,12,-30,-40,90,100,-30,-30,-40,-40,90,100,100,90
61027013,27,13,-40,-50,90,100,-40,-40,-50,-50,90,100,100,90
61027014,27,14,-50,-60,90,100,-50,-50,-60,-60,90,100,100,90
61027015,27,15,-60,-70,90,100,-60,-60,-70,-70,90,100,100,90
61027016,27,16,-70,-80,90,100,-70,-70,-80,-80,90,100,100,90
61027017,27,17,-80,-90,90,100,-80,-80,-90,-90,90,100,100,90
61028000,28,0,90,80,100,110,90,90,80,80,100,110,110,100
61028001,28,1,80,70,100,110,80,80,70,70,100,110,110,100
61028002,28,2,70,60,100,110,70,70,60,60,100,110,110,100
61028003,28,3,60,50,100,110,60,60,50,50,100,110,110,100
61028004,28,4,50,40,100,110,50,50,40,40,100,110,110,100
61028005,28,5,40,30,100,110,40,40,30,30,100,110,110,100
61028006,28,6,30,20,100,110,30,30,20,20,100,110,110,100
61028007,28,7,20,10,100,110,20,20,10,10,100,110,110,100
61028008,28,8,10,0,100,110,10,10,0,0,100,110,110,100
61028009,28,9,0,-10,100,110,0,0,-10,-10,100,110,110,100
61028010,28,10,-10,-20,100,110,-10,-10,-20,-20,100,110,110,100
61028011,28,11,-20,-30,100,110,-20,-20,-30,-30,100,110,110,100
61028012,28,12,-30,-40,100,110,-30,-30,-40,-40,100,110,110,100
61028013,28,13,-40,-50,100,110,-40,-40,-50,-50,100,110,110,100
61028014,28,14,-50,-60,100,110,-50,-50,-60,-60,100,110,110,100
61028015,28,15,-60,-70,100,110,-60,-60,-70,-70,100,110,110,100
61028016,28,16,-70,-80,100,110,-70,-70,-80,-80,100,110,110,100
61028017,28,17,-80,-90,100,110,-80,-80,-90,-90,100,110,110,100
61029000,29,0,90,80,110,120,90,90,80,80,110,120,120,110
61029001,29,1,80,70,110,120,80,80,70,70,110,120,120,110
61029002,29,2,70,60,110,120,70,70,60,60,110,120,120,110
61029003,29,3,60,50,110,120,60,60,50,50,110,120,120,110
61029004,29,4,50,40,110,120,50,50,40,40,110,120,120,110
61029005,29,5,40,30,110,120,40,40,30,30,110,120,120,110
61029006,29,6,30,20,110,120,30,30,20,20,110,120,120,110
61029007,29,7,20,10,110,120,20,20,10,10,110,120,120,110
61029008,29,8,10,0,110,120,10,10,0,0,110,120,120,110
61029009,29,9,0,-10,110,120,0,0,-10,-10,110,120,120,110
61029010,29,10,-10,-20,110,120,-10,-10,-20,-20,110,120,120,110
61029011,29,11,-20,-30,110,120,-20,-20,-30,-30,110,120,120,110
61029012,29,12,-30,-40,110,120,-30,-30,-40,-40,110,120,120,110
61029013,29,13,-40,-50,110,120,-40,-40,-50,-50,110,120,120,110
61029014,29,14,-50,-60,110,120,-50,-50,-60,-60,110,120,120,110
61029015,29,15,-60,-70,110,120,-60,-60,-70,-70,110,120,120,110
61029016,29,16,-70,-80,110,120,-70,-70,-80,-80,110,120,120,110
61029017,29,17,-80,-90,110,120,-80,-80,-90,-90,110,120,120,110
61030000,30,0,90,80,120,130,90,90,80,80,120,130,130,120
61030001,30,1,80,70,120,130,80,80,70,70,120,130,130,120
61030002,30,2,70,60,120,130,70,70,60,60,120,130,130,120
61030003,30,3,60,50,120,130,60,60,50,50,120,130,130,120
61030004,30,4,50,40,120,130,50,50,40,40,120,130,130,120
61030005,30,5,40,30,120,130,40,40,30,30,120,130,130,120
61030006,30,6,30,20,120,130,30,30,20,20,120,130,130,120
61030007,30,7,20,10,120,130,20,20,10,10,120,130,130,120
61030008,30,8,10,0,120,130,10,10,0,0,120,130,130,120
61030009,30,9,0,-10,120,130,0,0,-10,-10,120,130,130,120
61030010,30,10,-10,-20,120,130,-10,-10,-20,-20,120,130,130,120
61030011,30,11,-20,-30,120,130,-20,-20,-30,-30,120,130,130,120
61030012,30,12,-30,-40,120,130,-30,-30,-40,-40,120,130,130,120
61030013,30,13,-40,-50,120,130,-40,-40,-50,-50,120,130,130,120
61030014,30,14,-50,-60,120,130,-50,-50,-60,-60,120,130,130,120
61030015,30,15,-60,-70,120,130,-60,-60,-70,-70,120,130,130,120
61030016,30,16,-70,-80,120,130,-70,-70,-80,-80,120,130,130,120
61030017,30,17,-80,-90,120,130,-80,-80,-90,-90,120,130,130,120
61031000,31,0,90,80,130,140,90,90,80,80,130,140,140,130
61031001,31,1,80,70,130,140,80,80,70,70,130,140,140,130
61031002,31,2,70,60,130,140,70,70,60,60,130,140,140,130
61031003,31,3,60,50,130,140,60,60,50,50,130,140,140,130
61031004,31,4,50,40,130,140,50,50,40,40,130,140,140,130
61031005,31,5,40,30,130,140,40,40,30,30,130,140,140,130
61031006,31,6,30,20,130,140,30,30,20,20,130,140,140,130
61031007,31,7,20,10,130,140,20,20,10,10,130,140,140,130
61031008,31,8,10,0,130,140,10,10,0,0,130,140,140,130
61031009,31,9,0,-10,130,140,0,0,-10,-10,130,140,140,130
61031010,31,10,-10,-20,130,140,-10,-10,-20,-20,130,140,140,130
61031011,31,11,-20,-30,130,140,-20,-20,-30,-30,130,140,140,130
61031012,31,12,-30,-40,130,140,-30,-30,-40,-40,130,140,140,130
61031013,31,13,-40,-50,130,140,-40,-40,-50,-50,130,140,140,130
61031014,31,14,-50,-60,130,140,-50,-50,-60,-60,130,140,140,130
61031015,31,15,-60,-70,130,140,-60,-60,-70,-70,130,140,140,130
61031016,31,16,-70,-80,130,140,-70,-70,-80,-80,130,140,140,130
61031017,31,17,-80,-90,130,140,-80,-80,-90,-90,130,140,140,130
61032000,32,0,90,80,140,150,90,90,80,80,140,150,150,140
61032001,32,1,80,70,140,150,80,80,70,70,140,150,150,140
61032002,32,2,70,60,140,150,70,70,60,60,140,150,150,140
61032003,32,3,60,50,140,150,60,60,50,50,140,150,150,140
61032004,32,4,50,40,140,150,50,50,40,40,140,150,150,140
61032005,32,5,40,30,140,150,40,40,30,30,140,150,150,140
61032006,32,6,30,20,140,150,30,30,20,20,140,150,150,140
61032007,32,7,20,10,140,150,20,20,10,10,140,150,150,140
61032008,32,8,10,0,140,150,10,10,0,0,140,150,150,140
61032009,32,9,0,-10,140,150,0,0,-10,-10,140,150,150,140
61032010,32,10,-10,-20,140,150,-10,-10,-20,-20,140,150,150,140
61032011,32,11,-20,-30,140,150,-20,-20,-30,-30,140,150,150,140
61032012,32,12,-30,-40,140,150,-30,-30,-40,-40,140,150,150,140
61032013,32,13,-40,-50,140,150,-40,-40,-50,-50,140,150,150,140
61032014,32,14,-50,-60,140,150,-50,-50,-60,-60,140,150,150,140
61032015,32,15,-60,-70,140,150,-60,-60,-70,-70,140,150,150,140
61032016,32,16,-70,-80,140,150,-70,-70,-80,-80,140,150,150,140
61032017,32,17,-80,-90,140,150,-80,-80,-90,-90,140,150,150,140
61033000,33,0,90,80,150,160,90,90,80,80,150,160,160,150
61033001,33,1,80,70,150,160,80,80,70,70,150,160,160,150
61033002,33,2,70,60,150,160,70,70,60,60,150,160,160,150
61033003,33,3,60,50,150,160,60,60,50,50,150,160,160,150
61033004,33,4,50,40,150,160,50,50,40,40,150,160,160,150
61033005,33,5,40,30,150,160,40,40,30,30,150,160,160,150
61033006,33,6,30,20,150,160,30,30,20,20,150,160,160,150
61033007,33,7,20,10,150,160,20,20,10,10,150,160,160,150
61033008,33,8,10,0,150,160,10,10,0,0,150,160,160,150
61033009,33,9,0,-10,150,160,0,0,-10,-10,150,160,160,150
61033010,33,10,-10,-20,150,160,-10,-10,-20,-20,150,160,160,150
61033011,33,11,-20,-30,150,160,-20,-20,-30,-30,150,160,160,150
61033012,33,12,-30,-40,150,160,-30,-30,-40,-40,150,160,160,150
61033013,33,13,-40,-50,150,160,-40,-40,-50,-50,150,160,160,150
61033014,33,14,-50,-60,150,160,-50,-50,-60,-60,150,160,160,150
61033015,33,15,-60,-70,150,160,-60,-60,-70,-70,150,160,160,150
61033016,33,16,-70,-80,150,160,-70,-70,-80,-80,150,160,160,150
61033017,33,17,-80,-90,150,160,-80,-80,-90,-90,150,160,160,150
61034000,34,0,90,80,160,170,90,90,80,80,160,170,170,160
61034001,34,1,80,70,160,170,80,80,70,70,160,170,170,160
61034002,34,2,70,60,160,170,70,70,60,60,160,170,170,160
61034003,34,3,60,50,160,170,60,60,50,50,160,170,170,160
61034004,34,4,50,40,160,170,50,50,40,40,160,170,170,160
61034005,34,5,40,30,160,170,40,40,30,30,160,170,170,160
61034006,34,6,30,20,160,170,30,30,20,20,160,170,170,160
61034007,34,7,20,10,160,170,20,20,10,10,160,170,170,160
61034008,34,8,10,0,160,170,10,10,0,0,160,170,170,160
61034009,34,9,0,-10,160,170,0,0,-10,-10,160,170,170,160
61034010,34,10,-10,-20,160,170,-10,-10,-20,-20,160,170,170,160
61034011,34,11,-20,-30,160,170,-20,-20,-30,-30,160,170,170,160
61034012,34,12,-30,-40,160,170,-30,-30,-40,-40,160,170,170,160
61034013,34,13,-40,-50,160,170,-40,-40,-50,-50,160,170,170,160
61034014,34,14,-50,-60,160,170,-50,-50,-60,-60,160,170,170,160
61034015,34,15,-60,-70,160,170,-60,-60,-70,-70,160,170,170,160
61034016,34,16,-70,-80,160,170,-70,-70,-80,-80,160,170,170,160
61034017,34,17,-80,-90,160,170,-80,-80,-90,-90,160,170,170,160
61035000,35,0,90,80,170,180,90,90,80,80,170,180,180,170
61035001,35,1,80,70,170,180,80,80,70,70,170,180,180,170
61035002,35,2,70,60,170,180,70,70,60,60,170,180,180,170
61035003,35,3,60,50,170,180,60,60,50,50,170,180,180,170
61035004,35,4,50,40,170,180,50,50,40,40,170,180,180,170
61035005,35,5,40,30,170,180,40,40,30,30,170,180,180,170
61035006,35,6,30,20,170,180,30,30,20,20,170,180,180,170
61035007,35,7,20,10,170,180,20,20,10,10,170,180,180,170
61035008,35,8,10,0,170,180,10,10,0,0,170,180,180,170
61035009,35,9,0,-10,170,180,0,0,-10,-10,170,180,180,170
61035010,35,10,-10,-20,170,180,-10,-10,-20,-20,170,180,180,170
61035011,35,11,-20,-30,170,180,-20,-20,-30,-30,170,180,180,170
61035012,35,12,-30,-40,170,180,-30,-30,-40,-40,170,180,180,170
61035013,35,13,-40,-50,170,180,-40,-40,-50,-50,170,180,180,170
61035014,35,14,-50,-60,170,180,-50,-50,-60,-60,170,180,180,170
61035015,35,15,-60,-70,170,180,-60,-60,-70,-70,170,180,180,170
61035016,35,16,-70,-80,170,180,-70,-70,-80,-80,170,180,180,170
61035017,35,17,-80,-90,170,180,-80,-80,-90,-90,170,180,180,170
